PROLIFIC_ID,condition_recode,afterstresschange,salience_mean,stress_mean,recoded_stress,choice,rej-acc,ifnegvalue,choicertmean,timebetween,age,sex
641a3df3c874807a1a8734bc,0,1.0,3.0,6.0,6.0,0.5,-1.0,1,1.1666666666666667,2.0,30.0,1.0
641a3df3c874807a1a8734bc,1,1.0,3.0,6.0,6.0,0.16666666666666666,-1.0,1,1.0833333333333333,2.0,30.0,1.0
641a3df3c874807a1a8734bc,2,1.0,5.0,7.0,7.0,0.18181818181818182,-1.0,1,0.8181818181818182,2.0,30.0,1.0
